{"cameraMode":{"drawMode":0,"name":"Shaded","section":"Shading Mode"},"sceneLighting":true,"audioPlay":false,"sceneViewState":{"m_AlwaysRefresh":false,"showFog":true,"showSkybox":true,"showFlares":true,"showImageEffects":true,"showParticleSystems":true,"showVisualEffectGraphs":true,"m_FxEnabled":false},"in2DMode":false,"pivot":{"x":198.51100158691407,"y":329.5323486328125,"z":-94.75265502929688},"rotation":{"x":-0.03264979273080826,"y":0.04645311087369919,"z":0.001512076472863555,"w":0.9983948469161987},"size":138.39935302734376,"orthographic":false}